path	size_bytes	sha256	file_type
A2H-0005-0-00WW-A01.mlf	8319	274791a41d0fe3599d8fe2507e2b3a5ad8eec1b92078e813c8b0e0833e9b168b	ASCII text
A2H-00WW-001-sutinfo.img	55	4f55bceb5193f69a5f832172b076903e4dbb77a5302f7277c5c5683992327aaf	ASCII text, with no line terminators
A2H-00WW-002-keyinfo.img	200	3b19fcca686c02d1a71dfb202acca81afa1545a4ac72357feb8321a2342edefa	CSV ASCII text
abl.elf	151552	4d3d2c15b2bbfc383f822fab9e1e491780da9f3c88d1852f7245c621a8233a9a	ELF 32-bit LSB executable, ARM, version 1 (SYSV), statically linked, no section header
adb.exe	1868800	e39e25bbed119156cd975bf85e446e8a5d592fd928fedd667e0e548845e20734	PE32 executable for MS Windows 4.00 (console), Intel i386 (stripped to external PDB), 9 sections
adspso.bin	16777216	d0c8b604dd7081cf9e2d94dd5b57d99bca99141a207791fe36901f9886dd4467	Linux rev 1.0 ext4 filesystem data, UUID=af32c008-2a39-7e5b-a5dc-201456d93103, volume name "dsp" (extents) (large files)
android-info.txt	14	ab18b8814be4b52813aa3f6fde650c4e0b87b85d50ea89119e003725201a1456	ASCII text
boot.img	46495016	8e120a2920f5d4eec65cb5929d31fe271738af85b218d5adb96035eb28806af6	Android bootimg, kernel (0x8000), ramdisk (0x1000000), page size: 4096, cmdline (console=ttyMSM0,115200,n8 androidboot.console=ttyMSM0 earlycon=msm_serial_dm,0xc1b0000 androidboot.hardware=qcom user_debug=31 )
BTFM.bin	421888	8cf8b8816569e053ab4336dff6908ae5e93ed5051040600a41a764538ba5389e	DOS/MBR boot sector, code offset 0x3c+2, OEM-ID "MSDOS5.0", Bytes/sector 4096, sectors/cluster 4, root entries 512, Media descriptor 0xf8, sectors/FAT 3, sectors/track 63, heads 255, sectors 16384 (volumes > 32 MB), serial number 0xbc614e, unlabeled, FAT (16 bit)
build.prop	4147	11ac6401f766b8a7f95a860817e05059d398f2a6d0d474664ee3dd1bbc52d545	ASCII text
cmnlib.mbn	226632	b48a7ccbb95f793ce569ee28c6ece7455f114cfd81baa678b34737b6acf2c7a8	ELF 32-bit LSB shared object, ARM, EABI5 version 1 (SYSV), dynamically linked, no section header
cmnlib64.mbn	299736	0df4e33b5fe007ea5dc9c59dbf4f11c6e57f628da73d259e1740e44e12aece2a	ELF 64-bit LSB shared object, ARM aarch64, version 1 (SYSV), dynamically linked, no section header
devcfg.mbn	58204	98925c2dfab0388020e0590e4d4c63952ee4b60b85332f21500c452b4e8bf0f4	ELF 64-bit LSB executable, ARM aarch64, version 1 (SYSV), statically linked, no section header
fastboot.exe	840704	4211c74982d778cca950bbc73f364e02ea414633caac33b870c9832d62b0fed9	PE32 executable for MS Windows 4.00 (console), Intel i386 (stripped to external PDB), 7 sections
flash_a2h_keep_userdata_linux.sh	2633	bd352e0b6d5209dd1bb0df1dc7737ea899ad7c97e66285c2c31a53193544c263	Bourne-Again shell script, ASCII text executable
flash_a2h_keep_userdata_windows.bat	3902	60499a8d2dedb1e92bd15918e528ad8e8bc71a4ca86ecb9772eee1b9c93c3644	DOS batch file, ASCII text, with CRLF line terminators
flash_a2h_linux.sh	2628	1cc62d0b28298d810eb236a821b3985a8493249d6aa2a4f127a67c5ec0afa518	Bourne-Again shell script, ASCII text executable
flash_a2h_windows.bat	3942	553572da403506adfd36ae1f67a624b05360b0d60d60cca60d00cf060da53832	DOS batch file, ASCII text, with CRLF line terminators
gpt_backup0.bin	20480	3733b075458f4fbe355d3cd8f96c8422b3914e8d15cb9e55aa8553a3b208150d	data
gpt_backup1.bin	20480	eb34939ce02db60b50324948d53a240ef1f6f324012020620561eb3686e999fa	data
gpt_backup2.bin	20480	567e5ad85388d995188316389d2f973ce5870005c2dae7920b133fd816a013df	data
gpt_backup3.bin	20480	6a46f0e8be05ba933272a135232f2cd990923f93deacbfda36111af9e5ce5429	data
gpt_backup4.bin	20480	68693c694b1c30a59318c6653b7f188fc9f76c8356c0437c960f6ace7beb338a	data
gpt_backup5.bin	20480	c633cb88d05bfc8eb75615856c96f3788eb3a04f6c67ac842a108ae0477179dc	data
gpt_both0.bin	45056	8c7a1f5bc26672df0cfc5f45790d03e9f0aca7bb18883a78154ed5ba6efc0914	DOS/MBR boot sector; partition 1 : ID=0xee, start-CHS (0x0,0,1), end-CHS (0x3ff,255,63), startsector 1, 4294967295 sectors, extended partition table (last)
gpt_both1.bin	45056	fe5fab86044d5329a22dba31ece0f671f33464c79c8b9a624393e3422d82c0c9	DOS/MBR boot sector; partition 1 : ID=0xee, start-CHS (0x0,0,1), end-CHS (0x3ff,255,63), startsector 1, 4294967295 sectors, extended partition table (last)
gpt_both2.bin	45056	1fcc53888f97a4ff52cccfe79caed0ccea0f1fa7e20556e62d4dcd1788f66f47	DOS/MBR boot sector; partition 1 : ID=0xee, start-CHS (0x0,0,1), end-CHS (0x3ff,255,63), startsector 1, 4294967295 sectors, extended partition table (last)
gpt_both3.bin	45056	d0492c30f9e48ac633bbb394cfa731999650849b9086c9b4be9ccbb6150df327	DOS/MBR boot sector; partition 1 : ID=0xee, start-CHS (0x0,0,1), end-CHS (0x3ff,255,63), startsector 1, 4294967295 sectors, extended partition table (last)
gpt_both4.bin	45056	08bfbbef812b979d36497457860c244f8db0de3038cec788eac5db602594748b	DOS/MBR boot sector; partition 1 : ID=0xee, start-CHS (0x0,0,1), end-CHS (0x3ff,255,63), startsector 1, 4294967295 sectors, extended partition table (last)
gpt_both5.bin	45056	32124b8df46390cb0a963bad9ec249f6c346d4f21706a66454f3537ad2edf751	DOS/MBR boot sector; partition 1 : ID=0xee, start-CHS (0x0,0,1), end-CHS (0x3ff,255,63), startsector 1, 4294967295 sectors, extended partition table (last)
gpt_main0.bin	24576	ada73103e0dbcbd04ff25d1f1c505882f7cd3b28fad7b711c994564adc913c07	DOS/MBR boot sector; partition 1 : ID=0xee, start-CHS (0x0,0,1), end-CHS (0x3ff,255,63), startsector 1, 4294967295 sectors, extended partition table (last)
gpt_main1.bin	24576	54a7864412eedaadabfb75f182afe3dcda0f4adc6ffbf7dadac2f87f511f0268	DOS/MBR boot sector; partition 1 : ID=0xee, start-CHS (0x0,0,1), end-CHS (0x3ff,255,63), startsector 1, 4294967295 sectors, extended partition table (last)
gpt_main2.bin	24576	88af78c19691a49ca6855b0ffc2bc9d463e9a464378c95e11e7eda173b3187b8	DOS/MBR boot sector; partition 1 : ID=0xee, start-CHS (0x0,0,1), end-CHS (0x3ff,255,63), startsector 1, 4294967295 sectors, extended partition table (last)
gpt_main3.bin	24576	134be0677099b04ceb92a00563852f88f7d89159f41ab8802cd72278070efb17	DOS/MBR boot sector; partition 1 : ID=0xee, start-CHS (0x0,0,1), end-CHS (0x3ff,255,63), startsector 1, 4294967295 sectors, extended partition table (last)
gpt_main4.bin	24576	fbd34f978e06d6e8b5c26962d40812e6c096ca7f53cd862ac674ebaecd82a1e8	DOS/MBR boot sector; partition 1 : ID=0xee, start-CHS (0x0,0,1), end-CHS (0x3ff,255,63), startsector 1, 4294967295 sectors, extended partition table (last)
gpt_main5.bin	24576	f101f13da53e65b6cdf862ff6bf4af362a52fca4135c69464add5c849953d322	DOS/MBR boot sector; partition 1 : ID=0xee, start-CHS (0x0,0,1), end-CHS (0x3ff,255,63), startsector 1, 4294967295 sectors, extended partition table (last)
hyp.mbn	270336	1fd7738c7570c73221556fdb27c0d936fcb95e30f13c94b15292fc2bfe1159b9	ELF 64-bit LSB executable, ARM aarch64, version 1 (SYSV), statically linked, no section header
installed-files.txt	231611	0c129a17eacd984b2915a1acec5d0de87be0f64ca6707af2cb52cdb6dc6c1473	ASCII text
keymaster.mbn	382016	866851fd469d82641ec58e97e19d09eca7fafbc301b5f32c78303fbbe2f67bd5	ELF 32-bit LSB shared object, ARM, EABI5 version 1 (SYSV), dynamically linked, no section header
keymaster64.mbn	316072	da5426426a8d2cb0fe0c67c38cd4de583698c10ac4e53fb6c302ecf6854d893f	ELF 64-bit LSB shared object, ARM aarch64, version 1 (SYSV), dynamically linked, no section header
lksecapp.mbn	53296	83a4e9269c1947274fb7ee0d4bd9dd0ee8252b15a138a309db9cd1d67f775ea5	ELF 32-bit LSB shared object, ARM, EABI5 version 1 (SYSV), dynamically linked, no section header
logfs_ufs_8mb.bin	16384	cadf6d7179d79ad39cbead824e2aa5394dd6447058d7990a2e37a94bb22e9e55	DOS/MBR boot sector, code offset 0x3c+2, OEM-ID "MSDOS5.0", Bytes/sector 4096, root entries 512, sectors 1280 (volumes <=32 MB), Media descriptor 0xf8, sectors/FAT 1, sectors/track 1, heads 1, hidden sectors 16, serial number 0xd27355ea, unlabeled, FAT (12 bit)
mdtp.img	17808306	1e211f09a30d4c3196833608dd6168efe7c3d4da95a08ee6dee1cc799d258738	data
mdtpsecapp.mbn	1078864	4f574191248dac5a938f45aef2738ece813bb006bbb04583df775bdfa6f0a7dd	ELF 32-bit LSB shared object, ARM, EABI5 version 1 (SYSV), dynamically linked, no section header
misc.img	8	f99d4d92bb38e64adbfcf097d0f1dbf7abb60a406edf563adb01335dd5da054b	ASCII text
NON-HLOS.bin	109105152	07ce51680158521d6c51fd24291d9d6494594ec5f2ec82221fefc19841f387c5	DOS/MBR boot sector, code offset 0x3c+2, OEM-ID "MSDOS5.0", Bytes/sector 4096, sectors/cluster 4, root entries 512, Media descriptor 0xf8, sectors/FAT 4, sectors/track 63, heads 255, sectors 28160 (volumes > 32 MB), serial number 0xbc614e, unlabeled, FAT (16 bit)
otafs_ufs_2gb.img	36364976	69d3d2b05f8dbcd5fbb32ef5239517d4c4901b46ce3b752f1ccab00f4b1641c8	Android sparse image, version: 1.0, Total of 524288 4096-byte output blocks in 55 input chunks.
partition.xml	14104	be31836193f6648d6a1874b5b5775c0461e5dcaeb8e85f8cbbbc0f62a5a15ada	XML 1.0 document, ASCII text
patch0.xml	6263	dccc294c2750b09982de706145f88f4345ab61e0153f725958e8db998c53a4ae	XML 1.0 document, ASCII text
patch1.xml	6263	154ae7adb57fb6fd74f3a03d6df93dce934196d39bb4114d8e662ecfcc7519f2	XML 1.0 document, ASCII text
patch2.xml	6263	2da05667e222d726e49f3faa6843abf985b445b3d01cab6ba1eba603984fbc62	XML 1.0 document, ASCII text
patch3.xml	6263	57413955d5373592ec193bc5bffc96da19c33da98cb2a0150e54ad1d71207e21	XML 1.0 document, ASCII text
patch4.xml	6271	43e5bb954793150ba2c81292e90ef9a871a114118e2d3a05ded26322da4c6c91	XML 1.0 document, ASCII text
persist.img	33554432	583bd0b844b1720edaaf053cd3ff22681117236397f5132d119352fec7a866e3	Linux rev 1.0 ext4 filesystem data, UUID=cff5dfad-4a88-4bf9-9d0a-cca3b6d7e97d (extents) (large files) (huge files)
pmic.elf	51136	744dcc9931eb37e4fe5bb06677808c8165b4b4d0eb3434dd4b0b598e843cc9dd	ELF 64-bit LSB executable, ARM aarch64, version 1 (SYSV), statically linked, no section header
prog_ufs_firehose_8998_ddr.elf	597168	749f41caff3405f4d3aa8e7cf31099a184bf7e49cb7ae85efabf00344c8dfcf9	ELF 64-bit LSB executable, ARM aarch64, version 1 (SYSV), statically linked, no section header
provision_samsung.xml	2761	f95141136b71282e1ce9189d129936eb3429b062b6d7daa885e720b3a523a835	exported SGML document, ASCII text
ramdisk.img	1905816	1cef7d02466e0f3658270a8574b18e48f67b25d5e603cf0e182f820e79bb527f	gzip compressed data, from Unix, original size modulo 2^32 4230144
rawprogram0.xml	4451	3329381d03bd6e3229af7dffd51fbfbcd907e09bba94d262b8a7c5fdd597f052	XML 1.0 document, ASCII text, with very long lines (328)
rawprogram1.xml	1296	1bebc38d75c8c04967d555990082b4697d0e0e5e836dcf9d7c1592104cf9fb39	XML 1.0 document, ASCII text, with very long lines (328)
rawprogram2.xml	1296	5bed463d2b7b7a57b486df3e2fa72fcc57264b4f04a30b3a8d17abb827b805a7	XML 1.0 document, ASCII text, with very long lines (328)
rawprogram3.xml	1553	efa874b36eadb2d7c47359f76b18dd1266ea7753061ba315956882cd77b107b5	XML 1.0 document, ASCII text, with very long lines (328)
rawprogram_unsparse0.xml	25163	37fb5ff7e02cd50eecceec3b39884b5872e33900214c9bfb03611e3c3eef05cd	XML 1.0 document, ASCII text, with very long lines (329)
rawprogram_unsparse4.xml	19924	3c5c6cc255969937afe23397ba32a62f59c5471423b15922b527a00996a29c3d	XML 1.0 document, ASCII text, with very long lines (329)
rpm.mbn	233668	572a6fca059a2a244d79bc7c51252b87e6a6eb166c09c7ea2c471a1228be8ae0	ELF 32-bit LSB executable, ARM, EABI5 version 1 (SYSV), statically linked, no section header
splash.img	11075640	7fe465c55457b52f5c9f9faa3c7d0adbe0b5738a9c9196b9d75ab9686967ef4f	data
storsec.mbn	49176	2398789eab1c981504af47d1aae23e1cf7c491ce217d8bc0f07e330b3c931a61	ELF 32-bit LSB shared object, ARM, EABI5 version 1 (SYSV), dynamically linked, no section header
system.img	3746394440	5cb9695ecae27ec092b9413a73a90a2178cb815d76b8f197cda5cadee292c1dc	Android sparse image, version: 1.0, Total of 1048576 4096-byte output blocks in 25 input chunks.
tz.mbn	1912832	82f08829175bacb369295b34c14a1ba1313c10e053dfd6e7f09952162bb8a8a4	ELF 64-bit LSB executable, ARM aarch64, version 1 (SYSV), statically linked, no section header
userdata.img	5756588	2d6208cabf93085540cf658067d9d2301b3c6efa53e21a05e511104cd69dd841	Android sparse image, version: 1.0, Total of 26475487 4096-byte output blocks in 140 input chunks.
vendor.img	593264872	8f564431ce915e1e7e5c51b0db48e6154fdc3785494fbee512734a7ae3002156	Android sparse image, version: 1.0, Total of 262144 4096-byte output blocks in 17 input chunks.
Ver_info.txt	1109	0c288e0d12eaa3ce3715766104e9f83abd045b39fdc81804499cb613fde23715	JSON text data
version.txt	28	f94ac2ba3d9cc81f4d06ed9f08c51b75eac8f607b9180b579b4adae1a3996ff4	ASCII text
xbl.elf	2686892	11c8d255bbd1657bdd2a8040d6809fdcb3f076fac4c1bedbb705278b22871b3f	ELF 64-bit LSB executable, ARM aarch64, version 1 (SYSV), statically linked, no section header
